{
  "5891274005": {
    "commands": [
      1764516066.0304477,
      1764516073.5568063
    ],
    "violations": 0
  },
  "8550248580": {
    "commands": [
      1764516092.4485834
    ],
    "violations": 0
  }
}